p,n1,n2,innovation,covariance family,rho,method,R,empirical size,MCSE
100,60,60,chisq1,equicorrelation,0.1,Li-Chen,1000,0.09,0.009049861877399014
100,60,60,chisq1,equicorrelation,0.1,Max-bootstrap,1000,0.01,0.003146426544510455
100,60,60,chisq1,equicorrelation,0.1,Ours-C(0.3),1000,0.061,0.0075682891065286355
100,60,60,chisq1,equicorrelation,0.1,Ours-C(0.5),1000,0.062,0.007626008130076967
100,60,60,chisq1,equicorrelation,0.1,Ours-C(0.7),1000,0.064,0.007739767438366608
100,60,60,chisq1,equicorrelation,0.1,Ours-I,1000,0.005,0.0022304708023195463
100,60,60,chisq1,equicorrelation,0.1,Wang-NR,1000,0.001,0.0009994998749374609
100,60,60,chisq1,equicorrelation,0.5,Li-Chen,1000,0.178,0.012096115078817662
100,60,60,chisq1,equicorrelation,0.5,Max-bootstrap,1000,0.034,0.005730968504537431
100,60,60,chisq1,equicorrelation,0.5,Ours-C(0.3),1000,0.047,0.006692607862410586
100,60,60,chisq1,equicorrelation,0.5,Ours-C(0.5),1000,0.046,0.006624499981130651
100,60,60,chisq1,equicorrelation,0.5,Ours-C(0.7),1000,0.043,0.006414904519944158
100,60,60,chisq1,equicorrelation,0.5,Ours-I,1000,0.045,0.0065555320150236475
100,60,60,chisq1,equicorrelation,0.5,Wang-NR,1000,0.042,0.0063431853196954605
100,60,60,chisq1,equicorrelation,0.9,Li-Chen,1000,0.258,0.013836039895866157
100,60,60,chisq1,equicorrelation,0.9,Max-bootstrap,1000,0.044,0.006485676526007136
100,60,60,chisq1,equicorrelation,0.9,Ours-C(0.3),1000,0.05,0.006892024376045111
100,60,60,chisq1,equicorrelation,0.9,Ours-C(0.5),1000,0.054,0.007147307185227175
100,60,60,chisq1,equicorrelation,0.9,Ours-C(0.7),1000,0.045,0.0065555320150236475
100,60,60,chisq1,equicorrelation,0.9,Ours-I,1000,0.049,0.006826346021115542
100,60,60,chisq1,equicorrelation,0.9,Wang-NR,1000,0.045,0.0065555320150236475
200,60,60,chisq1,equicorrelation,0.1,Li-Chen,1000,0.089,0.00900438781928011
200,60,60,chisq1,equicorrelation,0.1,Max-bootstrap,1000,0.008,0.0028170906978654416
200,60,60,chisq1,equicorrelation,0.1,Ours-C(0.3),1000,0.042,0.0063431853196954605
200,60,60,chisq1,equicorrelation,0.1,Ours-C(0.5),1000,0.049,0.006826346021115542
200,60,60,chisq1,equicorrelation,0.1,Ours-C(0.7),1000,0.045,0.0065555320150236475
200,60,60,chisq1,equicorrelation,0.1,Ours-I,1000,0.008,0.0028170906978654416
200,60,60,chisq1,equicorrelation,0.1,Wang-NR,1000,0.003,0.001729450779872038
200,60,60,chisq1,equicorrelation,0.5,Li-Chen,1000,0.198,0.012601428490452978
200,60,60,chisq1,equicorrelation,0.5,Max-bootstrap,1000,0.045,0.0065555320150236475
200,60,60,chisq1,equicorrelation,0.5,Ours-C(0.3),1000,0.056,0.007270763371201128
200,60,60,chisq1,equicorrelation,0.5,Ours-C(0.5),1000,0.056,0.007270763371201128
200,60,60,chisq1,equicorrelation,0.5,Ours-C(0.7),1000,0.054,0.007147307185227175
200,60,60,chisq1,equicorrelation,0.5,Ours-I,1000,0.059,0.007451107300260815
200,60,60,chisq1,equicorrelation,0.5,Wang-NR,1000,0.048,0.006759881655768835
200,60,60,chisq1,equicorrelation,0.9,Li-Chen,1000,0.239,0.01348625225924534
200,60,60,chisq1,equicorrelation,0.9,Max-bootstrap,1000,0.035,0.005811626278418116
200,60,60,chisq1,equicorrelation,0.9,Ours-C(0.3),1000,0.047,0.006692607862410586
200,60,60,chisq1,equicorrelation,0.9,Ours-C(0.5),1000,0.046,0.006624499981130651
200,60,60,chisq1,equicorrelation,0.9,Ours-C(0.7),1000,0.044,0.006485676526007136
200,60,60,chisq1,equicorrelation,0.9,Ours-I,1000,0.044,0.006485676526007136
200,60,60,chisq1,equicorrelation,0.9,Wang-NR,1000,0.04,0.0061967733539318665
100,60,60,chisq1,toeplitz,0.1,Li-Chen,1000,0.106,0.009734680272099337
100,60,60,chisq1,toeplitz,0.1,Max-bootstrap,1000,0.004,0.001995995991979944
100,60,60,chisq1,toeplitz,0.1,Ours-C(0.3),1000,0.058,0.007391616873188166
100,60,60,chisq1,toeplitz,0.1,Ours-C(0.5),1000,0.061,0.0075682891065286355
100,60,60,chisq1,toeplitz,0.1,Ours-C(0.7),1000,0.063,0.007683163410991596
100,60,60,chisq1,toeplitz,0.1,Ours-I,1000,0.0,0.0
100,60,60,chisq1,toeplitz,0.1,Wang-NR,1000,0.0,0.0
100,60,60,chisq1,toeplitz,0.5,Li-Chen,1000,0.093,0.009184280047995052
100,60,60,chisq1,toeplitz,0.5,Max-bootstrap,1000,0.015,0.003843826218756514
100,60,60,chisq1,toeplitz,0.5,Ours-C(0.3),1000,0.042,0.0063431853196954605
100,60,60,chisq1,toeplitz,0.5,Ours-C(0.5),1000,0.054,0.007147307185227175
100,60,60,chisq1,toeplitz,0.5,Ours-C(0.7),1000,0.051,0.00695693898205238
100,60,60,chisq1,toeplitz,0.5,Ours-I,1000,0.0,0.0
100,60,60,chisq1,toeplitz,0.5,Wang-NR,1000,0.0,0.0
100,60,60,chisq1,toeplitz,0.9,Li-Chen,1000,0.103,0.009612023720320296
100,60,60,chisq1,toeplitz,0.9,Max-bootstrap,1000,0.059,0.007451107300260815
100,60,60,chisq1,toeplitz,0.9,Ours-C(0.3),1000,0.047,0.006692607862410586
100,60,60,chisq1,toeplitz,0.9,Ours-C(0.5),1000,0.054,0.007147307185227175
100,60,60,chisq1,toeplitz,0.9,Ours-C(0.7),1000,0.053,0.00708456067798138
100,60,60,chisq1,toeplitz,0.9,Ours-I,1000,0.03,0.005394441583704471
100,60,60,chisq1,toeplitz,0.9,Wang-NR,1000,0.017,0.004087909000944126
200,60,60,chisq1,toeplitz,0.1,Li-Chen,1000,0.112,0.00997276290703835
200,60,60,chisq1,toeplitz,0.1,Max-bootstrap,1000,0.003,0.001729450779872038
200,60,60,chisq1,toeplitz,0.1,Ours-C(0.3),1000,0.045,0.0065555320150236475
200,60,60,chisq1,toeplitz,0.1,Ours-C(0.5),1000,0.045,0.0065555320150236475
200,60,60,chisq1,toeplitz,0.1,Ours-C(0.7),1000,0.049,0.006826346021115542
200,60,60,chisq1,toeplitz,0.1,Ours-I,1000,0.0,0.0
200,60,60,chisq1,toeplitz,0.1,Wang-NR,1000,0.0,0.0
200,60,60,chisq1,toeplitz,0.5,Li-Chen,1000,0.064,0.007739767438366608
200,60,60,chisq1,toeplitz,0.5,Max-bootstrap,1000,0.013,0.003582038525755969
200,60,60,chisq1,toeplitz,0.5,Ours-C(0.3),1000,0.059,0.007451107300260815
200,60,60,chisq1,toeplitz,0.5,Ours-C(0.5),1000,0.059,0.007451107300260815
200,60,60,chisq1,toeplitz,0.5,Ours-C(0.7),1000,0.055,0.00720936890441875
200,60,60,chisq1,toeplitz,0.5,Ours-I,1000,0.0,0.0
200,60,60,chisq1,toeplitz,0.5,Wang-NR,1000,0.0,0.0
200,60,60,chisq1,toeplitz,0.9,Li-Chen,1000,0.076,0.008379976133617566
200,60,60,chisq1,toeplitz,0.9,Max-bootstrap,1000,0.056,0.007270763371201128
200,60,60,chisq1,toeplitz,0.9,Ours-C(0.3),1000,0.043,0.006414904519944158
200,60,60,chisq1,toeplitz,0.9,Ours-C(0.5),1000,0.044,0.006485676526007136
200,60,60,chisq1,toeplitz,0.9,Ours-C(0.7),1000,0.047,0.006692607862410586
200,60,60,chisq1,toeplitz,0.9,Ours-I,1000,0.005,0.0022304708023195463
200,60,60,chisq1,toeplitz,0.9,Wang-NR,1000,0.013,0.003582038525755969
100,60,60,gaussian,equicorrelation,0.1,Li-Chen,1000,0.073,0.008226238508577295
100,60,60,gaussian,equicorrelation,0.1,Max-bootstrap,1000,0.083,0.008724161850859944
100,60,60,gaussian,equicorrelation,0.1,Ours-C(0.3),1000,0.046,0.006624499981130651
100,60,60,gaussian,equicorrelation,0.1,Ours-C(0.5),1000,0.05,0.006892024376045111
100,60,60,gaussian,equicorrelation,0.1,Ours-C(0.7),1000,0.051,0.00695693898205238
100,60,60,gaussian,equicorrelation,0.1,Ours-I,1000,0.001,0.0009994998749374609
100,60,60,gaussian,equicorrelation,0.1,Wang-NR,1000,0.017,0.004087909000944126
100,60,60,gaussian,equicorrelation,0.5,Li-Chen,1000,0.106,0.009734680272099337
100,60,60,gaussian,equicorrelation,0.5,Max-bootstrap,1000,0.069,0.008014923580421713
100,60,60,gaussian,equicorrelation,0.5,Ours-C(0.3),1000,0.049,0.006826346021115542
100,60,60,gaussian,equicorrelation,0.5,Ours-C(0.5),1000,0.065,0.007795832219846705
100,60,60,gaussian,equicorrelation,0.5,Ours-C(0.7),1000,0.062,0.007626008130076967
100,60,60,gaussian,equicorrelation,0.5,Ours-I,1000,0.054,0.007147307185227175
100,60,60,gaussian,equicorrelation,0.5,Wang-NR,1000,0.049,0.006826346021115542
100,60,60,gaussian,equicorrelation,0.9,Li-Chen,1000,0.108,0.009815090422405696
100,60,60,gaussian,equicorrelation,0.9,Max-bootstrap,1000,0.063,0.007683163410991596
100,60,60,gaussian,equicorrelation,0.9,Ours-C(0.3),1000,0.057,0.007331507348424334
100,60,60,gaussian,equicorrelation,0.9,Ours-C(0.5),1000,0.062,0.007626008130076967
100,60,60,gaussian,equicorrelation,0.9,Ours-C(0.7),1000,0.069,0.008014923580421713
100,60,60,gaussian,equicorrelation,0.9,Ours-I,1000,0.06,0.007509993342207435
100,60,60,gaussian,equicorrelation,0.9,Wang-NR,1000,0.063,0.007683163410991596
200,60,60,gaussian,equicorrelation,0.1,Li-Chen,1000,0.088,0.008958571314668427
200,60,60,gaussian,equicorrelation,0.1,Max-bootstrap,1000,0.077,0.00843036179532053
200,60,60,gaussian,equicorrelation,0.1,Ours-C(0.3),1000,0.05,0.006892024376045111
200,60,60,gaussian,equicorrelation,0.1,Ours-C(0.5),1000,0.051,0.00695693898205238
200,60,60,gaussian,equicorrelation,0.1,Ours-C(0.7),1000,0.056,0.007270763371201128
200,60,60,gaussian,equicorrelation,0.1,Ours-I,1000,0.001,0.0009994998749374609
200,60,60,gaussian,equicorrelation,0.1,Wang-NR,1000,0.025,0.0049371044145328745
200,60,60,gaussian,equicorrelation,0.5,Li-Chen,1000,0.109,0.00985489725973843
200,60,60,gaussian,equicorrelation,0.5,Max-bootstrap,1000,0.091,0.009094998625618368
200,60,60,gaussian,equicorrelation,0.5,Ours-C(0.3),1000,0.062,0.007626008130076967
200,60,60,gaussian,equicorrelation,0.5,Ours-C(0.5),1000,0.068,0.007960904471226871
200,60,60,gaussian,equicorrelation,0.5,Ours-C(0.7),1000,0.066,0.007851369307324678
200,60,60,gaussian,equicorrelation,0.5,Ours-I,1000,0.063,0.007683163410991596
200,60,60,gaussian,equicorrelation,0.5,Wang-NR,1000,0.06,0.007509993342207435
200,60,60,gaussian,equicorrelation,0.9,Li-Chen,1000,0.085,0.008819013550278738
200,60,60,gaussian,equicorrelation,0.9,Max-bootstrap,1000,0.043,0.006414904519944158
200,60,60,gaussian,equicorrelation,0.9,Ours-C(0.3),1000,0.042,0.0063431853196954605
200,60,60,gaussian,equicorrelation,0.9,Ours-C(0.5),1000,0.044,0.006485676526007136
200,60,60,gaussian,equicorrelation,0.9,Ours-C(0.7),1000,0.041,0.006270486424512854
200,60,60,gaussian,equicorrelation,0.9,Ours-I,1000,0.043,0.006414904519944158
200,60,60,gaussian,equicorrelation,0.9,Wang-NR,1000,0.04,0.0061967733539318665
100,60,60,gaussian,toeplitz,0.1,Li-Chen,1000,0.051,0.00695693898205238
100,60,60,gaussian,toeplitz,0.1,Max-bootstrap,1000,0.08,0.008579044235810887
100,60,60,gaussian,toeplitz,0.1,Ours-C(0.3),1000,0.05,0.006892024376045111
100,60,60,gaussian,toeplitz,0.1,Ours-C(0.5),1000,0.061,0.0075682891065286355
100,60,60,gaussian,toeplitz,0.1,Ours-C(0.7),1000,0.061,0.0075682891065286355
100,60,60,gaussian,toeplitz,0.1,Ours-I,1000,0.0,0.0
100,60,60,gaussian,toeplitz,0.1,Wang-NR,1000,0.008,0.0028170906978654416
100,60,60,gaussian,toeplitz,0.5,Li-Chen,1000,0.053,0.00708456067798138
100,60,60,gaussian,toeplitz,0.5,Max-bootstrap,1000,0.062,0.007626008130076967
100,60,60,gaussian,toeplitz,0.5,Ours-C(0.3),1000,0.053,0.00708456067798138
100,60,60,gaussian,toeplitz,0.5,Ours-C(0.5),1000,0.057,0.007331507348424334
100,60,60,gaussian,toeplitz,0.5,Ours-C(0.7),1000,0.062,0.007626008130076967
100,60,60,gaussian,toeplitz,0.5,Ours-I,1000,0.0,0.0
100,60,60,gaussian,toeplitz,0.5,Wang-NR,1000,0.009,0.002986469487538756
100,60,60,gaussian,toeplitz,0.9,Li-Chen,1000,0.082,0.008676174272108648
100,60,60,gaussian,toeplitz,0.9,Max-bootstrap,1000,0.073,0.008226238508577295
100,60,60,gaussian,toeplitz,0.9,Ours-C(0.3),1000,0.055,0.00720936890441875
100,60,60,gaussian,toeplitz,0.9,Ours-C(0.5),1000,0.056,0.007270763371201128
100,60,60,gaussian,toeplitz,0.9,Ours-C(0.7),1000,0.061,0.0075682891065286355
100,60,60,gaussian,toeplitz,0.9,Ours-I,1000,0.034,0.005730968504537431
100,60,60,gaussian,toeplitz,0.9,Wang-NR,1000,0.039,0.006122009474020765
200,60,60,gaussian,toeplitz,0.1,Li-Chen,1000,0.061,0.0075682891065286355
200,60,60,gaussian,toeplitz,0.1,Max-bootstrap,1000,0.058,0.007391616873188166
200,60,60,gaussian,toeplitz,0.1,Ours-C(0.3),1000,0.052,0.007021111023192838
200,60,60,gaussian,toeplitz,0.1,Ours-C(0.5),1000,0.056,0.007270763371201128
200,60,60,gaussian,toeplitz,0.1,Ours-C(0.7),1000,0.061,0.0075682891065286355
200,60,60,gaussian,toeplitz,0.1,Ours-I,1000,0.0,0.0
200,60,60,gaussian,toeplitz,0.1,Wang-NR,1000,0.004,0.001995995991979944
200,60,60,gaussian,toeplitz,0.5,Li-Chen,1000,0.043,0.006414904519944158
200,60,60,gaussian,toeplitz,0.5,Max-bootstrap,1000,0.075,0.008329165624478841
200,60,60,gaussian,toeplitz,0.5,Ours-C(0.3),1000,0.042,0.0063431853196954605
200,60,60,gaussian,toeplitz,0.5,Ours-C(0.5),1000,0.046,0.006624499981130651
200,60,60,gaussian,toeplitz,0.5,Ours-C(0.7),1000,0.046,0.006624499981130651
200,60,60,gaussian,toeplitz,0.5,Ours-I,1000,0.0,0.0
200,60,60,gaussian,toeplitz,0.5,Wang-NR,1000,0.001,0.0009994998749374609
200,60,60,gaussian,toeplitz,0.9,Li-Chen,1000,0.067,0.007906389820898032
200,60,60,gaussian,toeplitz,0.9,Max-bootstrap,1000,0.076,0.008379976133617566
200,60,60,gaussian,toeplitz,0.9,Ours-C(0.3),1000,0.054,0.007147307185227175
200,60,60,gaussian,toeplitz,0.9,Ours-C(0.5),1000,0.056,0.007270763371201128
200,60,60,gaussian,toeplitz,0.9,Ours-C(0.7),1000,0.057,0.007331507348424334
200,60,60,gaussian,toeplitz,0.9,Ours-I,1000,0.011,0.003298332912245215
200,60,60,gaussian,toeplitz,0.9,Wang-NR,1000,0.025,0.0049371044145328745
100,60,60,laplace,equicorrelation,0.1,Li-Chen,1000,0.085,0.008819013550278738
100,60,60,laplace,equicorrelation,0.1,Max-bootstrap,1000,0.023,0.004740358636221525
100,60,60,laplace,equicorrelation,0.1,Ours-C(0.3),1000,0.048,0.006759881655768835
100,60,60,laplace,equicorrelation,0.1,Ours-C(0.5),1000,0.062,0.007626008130076967
100,60,60,laplace,equicorrelation,0.1,Ours-C(0.7),1000,0.058,0.007391616873188166
100,60,60,laplace,equicorrelation,0.1,Ours-I,1000,0.003,0.001729450779872038
100,60,60,laplace,equicorrelation,0.1,Wang-NR,1000,0.016,0.003967870965643918
100,60,60,laplace,equicorrelation,0.5,Li-Chen,1000,0.135,0.010806248192596726
100,60,60,laplace,equicorrelation,0.5,Max-bootstrap,1000,0.048,0.006759881655768835
100,60,60,laplace,equicorrelation,0.5,Ours-C(0.3),1000,0.053,0.00708456067798138
100,60,60,laplace,equicorrelation,0.5,Ours-C(0.5),1000,0.06,0.007509993342207435
100,60,60,laplace,equicorrelation,0.5,Ours-C(0.7),1000,0.06,0.007509993342207435
100,60,60,laplace,equicorrelation,0.5,Ours-I,1000,0.062,0.007626008130076967
100,60,60,laplace,equicorrelation,0.5,Wang-NR,1000,0.055,0.00720936890441875
100,60,60,laplace,equicorrelation,0.9,Li-Chen,1000,0.182,0.012201475320632338
100,60,60,laplace,equicorrelation,0.9,Max-bootstrap,1000,0.045,0.0065555320150236475
100,60,60,laplace,equicorrelation,0.9,Ours-C(0.3),1000,0.04,0.0061967733539318665
100,60,60,laplace,equicorrelation,0.9,Ours-C(0.5),1000,0.044,0.006485676526007136
100,60,60,laplace,equicorrelation,0.9,Ours-C(0.7),1000,0.044,0.006485676526007136
100,60,60,laplace,equicorrelation,0.9,Ours-I,1000,0.047,0.006692607862410586
100,60,60,laplace,equicorrelation,0.9,Wang-NR,1000,0.039,0.006122009474020765
200,60,60,laplace,equicorrelation,0.1,Li-Chen,1000,0.086,0.008865889690267977
200,60,60,laplace,equicorrelation,0.1,Max-bootstrap,1000,0.027,0.00512552436341883
200,60,60,laplace,equicorrelation,0.1,Ours-C(0.3),1000,0.053,0.00708456067798138
200,60,60,laplace,equicorrelation,0.1,Ours-C(0.5),1000,0.056,0.007270763371201128
200,60,60,laplace,equicorrelation,0.1,Ours-C(0.7),1000,0.055,0.00720936890441875
200,60,60,laplace,equicorrelation,0.1,Ours-I,1000,0.001,0.0009994998749374609
200,60,60,laplace,equicorrelation,0.1,Wang-NR,1000,0.015,0.003843826218756514
200,60,60,laplace,equicorrelation,0.5,Li-Chen,1000,0.127,0.010529529904036551
200,60,60,laplace,equicorrelation,0.5,Max-bootstrap,1000,0.053,0.00708456067798138
200,60,60,laplace,equicorrelation,0.5,Ours-C(0.3),1000,0.046,0.006624499981130651
200,60,60,laplace,equicorrelation,0.5,Ours-C(0.5),1000,0.046,0.006624499981130651
200,60,60,laplace,equicorrelation,0.5,Ours-C(0.7),1000,0.046,0.006624499981130651
200,60,60,laplace,equicorrelation,0.5,Ours-I,1000,0.045,0.0065555320150236475
200,60,60,laplace,equicorrelation,0.5,Wang-NR,1000,0.04,0.0061967733539318665
200,60,60,laplace,equicorrelation,0.9,Li-Chen,1000,0.177,0.012069424178476784
200,60,60,laplace,equicorrelation,0.9,Max-bootstrap,1000,0.056,0.007270763371201128
200,60,60,laplace,equicorrelation,0.9,Ours-C(0.3),1000,0.051,0.00695693898205238
200,60,60,laplace,equicorrelation,0.9,Ours-C(0.5),1000,0.052,0.007021111023192838
200,60,60,laplace,equicorrelation,0.9,Ours-C(0.7),1000,0.051,0.00695693898205238
200,60,60,laplace,equicorrelation,0.9,Ours-I,1000,0.049,0.006826346021115542
200,60,60,laplace,equicorrelation,0.9,Wang-NR,1000,0.046,0.006624499981130651
100,60,60,laplace,toeplitz,0.1,Li-Chen,1000,0.049,0.006826346021115542
100,60,60,laplace,toeplitz,0.1,Max-bootstrap,1000,0.014,0.003715373467095872
100,60,60,laplace,toeplitz,0.1,Ours-C(0.3),1000,0.042,0.0063431853196954605
100,60,60,laplace,toeplitz,0.1,Ours-C(0.5),1000,0.05,0.006892024376045111
100,60,60,laplace,toeplitz,0.1,Ours-C(0.7),1000,0.05,0.006892024376045111
100,60,60,laplace,toeplitz,0.1,Ours-I,1000,0.0,0.0
100,60,60,laplace,toeplitz,0.1,Wang-NR,1000,0.0,0.0
100,60,60,laplace,toeplitz,0.5,Li-Chen,1000,0.06,0.007509993342207435
100,60,60,laplace,toeplitz,0.5,Max-bootstrap,1000,0.036,0.005891010100144117
100,60,60,laplace,toeplitz,0.5,Ours-C(0.3),1000,0.058,0.007391616873188166
100,60,60,laplace,toeplitz,0.5,Ours-C(0.5),1000,0.061,0.0075682891065286355
100,60,60,laplace,toeplitz,0.5,Ours-C(0.7),1000,0.062,0.007626008130076967
100,60,60,laplace,toeplitz,0.5,Ours-I,1000,0.0,0.0
100,60,60,laplace,toeplitz,0.5,Wang-NR,1000,0.001,0.0009994998749374609
100,60,60,laplace,toeplitz,0.9,Li-Chen,1000,0.076,0.008379976133617566
100,60,60,laplace,toeplitz,0.9,Max-bootstrap,1000,0.064,0.007739767438366608
100,60,60,laplace,toeplitz,0.9,Ours-C(0.3),1000,0.047,0.006692607862410586
100,60,60,laplace,toeplitz,0.9,Ours-C(0.5),1000,0.051,0.00695693898205238
100,60,60,laplace,toeplitz,0.9,Ours-C(0.7),1000,0.05,0.006892024376045111
100,60,60,laplace,toeplitz,0.9,Ours-I,1000,0.023,0.004740358636221525
100,60,60,laplace,toeplitz,0.9,Wang-NR,1000,0.029,0.005306505441436953
200,60,60,laplace,toeplitz,0.1,Li-Chen,1000,0.044,0.006485676526007136
200,60,60,laplace,toeplitz,0.1,Max-bootstrap,1000,0.014,0.003715373467095872
200,60,60,laplace,toeplitz,0.1,Ours-C(0.3),1000,0.054,0.007147307185227175
200,60,60,laplace,toeplitz,0.1,Ours-C(0.5),1000,0.052,0.007021111023192838
200,60,60,laplace,toeplitz,0.1,Ours-C(0.7),1000,0.056,0.007270763371201128
200,60,60,laplace,toeplitz,0.1,Ours-I,1000,0.0,0.0
200,60,60,laplace,toeplitz,0.1,Wang-NR,1000,0.0,0.0
200,60,60,laplace,toeplitz,0.5,Li-Chen,1000,0.048,0.006759881655768835
200,60,60,laplace,toeplitz,0.5,Max-bootstrap,1000,0.031,0.0054807846153630225
200,60,60,laplace,toeplitz,0.5,Ours-C(0.3),1000,0.06,0.007509993342207435
200,60,60,laplace,toeplitz,0.5,Ours-C(0.5),1000,0.056,0.007270763371201128
200,60,60,laplace,toeplitz,0.5,Ours-C(0.7),1000,0.06,0.007509993342207435
200,60,60,laplace,toeplitz,0.5,Ours-I,1000,0.0,0.0
200,60,60,laplace,toeplitz,0.5,Wang-NR,1000,0.0,0.0
200,60,60,laplace,toeplitz,0.9,Li-Chen,1000,0.065,0.007795832219846705
200,60,60,laplace,toeplitz,0.9,Max-bootstrap,1000,0.063,0.007683163410991596
200,60,60,laplace,toeplitz,0.9,Ours-C(0.3),1000,0.059,0.007451107300260815
200,60,60,laplace,toeplitz,0.9,Ours-C(0.5),1000,0.058,0.007391616873188166
200,60,60,laplace,toeplitz,0.9,Ours-C(0.7),1000,0.054,0.007147307185227175
200,60,60,laplace,toeplitz,0.9,Ours-I,1000,0.007,0.0026364749192814255
200,60,60,laplace,toeplitz,0.9,Wang-NR,1000,0.023,0.004740358636221525
